dt,x,y,position,velocity,acceleration,jerk,heading
0.020000,0.548266,26.016661,0.000588,0.058824,2.941176,147.058824,0.000844
0.020000,0.548416,26.016661,0.000739,0.007537,-2.564333,-275.275487,0.000672
0.020000,0.548667,26.016661,0.000990,0.012561,0.251192,140.776246,0.000385
0.020000,0.549196,26.016661,0.001519,0.026422,0.693045,22.092651,6.283168
0.020000,0.554943,26.016660,0.007265,0.287331,13.045454,617.620462,6.282651
0.020000,0.561966,26.016654,0.014288,0.351159,3.191397,-492.702863,6.282020
0.020000,0.570266,26.016641,0.022588,0.415003,3.192217,0.040998,6.281273
0.020000,0.579843,26.016618,0.032166,0.478859,3.192794,0.028881,6.280412
0.020000,0.590697,26.016583,0.043020,0.542718,3.192977,0.009139,6.279436
0.020000,0.602829,26.016531,0.055151,0.606574,3.192768,-0.010430,6.278344
0.020000,0.616237,26.016458,0.068560,0.670417,3.192172,-0.029797,6.277138
0.020000,0.630922,26.016359,0.083245,0.734270,3.192639,0.023309,6.275817
0.020000,0.646884,26.016230,0.099208,0.798132,3.193084,0.022266,6.274381
0.020000,0.664123,26.016065,0.116448,0.861992,3.193034,-0.002516,6.272829
0.020000,0.682639,26.015858,0.134965,0.925842,3.192460,-0.028696,6.271163
0.020000,0.702431,26.015602,0.154759,0.989700,3.192913,0.022677,6.269382
0.020000,0.723500,26.015291,0.175830,1.053559,3.192956,0.002152,6.267485
0.020000,0.745845,26.014918,0.198178,1.117411,3.192596,-0.018001,6.265474
0.020000,0.769466,26.014475,0.221803,1.181258,3.192377,-0.010982,6.263347
0.020000,0.794363,26.013953,0.246706,1.245137,3.193910,0.076654,6.261106
0.020000,0.820536,26.013344,0.272885,1.308969,3.191614,-0.114763,6.258749
0.020000,0.847983,26.012639,0.300341,1.372814,3.192248,0.031652,6.256278
0.020000,0.876705,26.011829,0.329075,1.436675,3.193055,0.040369,6.253692
0.020000,0.906701,26.010903,0.359085,1.500507,3.191610,-0.072247,6.250991
0.020000,0.937970,26.009852,0.390372,1.564339,3.191582,-0.001386,6.248176
0.020000,0.970512,26.008665,0.422936,1.628182,3.192172,0.029490,6.245246
0.020000,1.004325,26.007330,0.456775,1.691986,3.190170,-0.100095,6.242203
0.020000,1.039409,26.005836,0.491891,1.755799,3.190677,0.025319,6.239045
0.020000,1.075763,26.004170,0.528283,1.819581,3.189071,-0.080299,6.235773
0.020000,1.113385,26.002322,0.565951,1.883389,3.190423,0.067639,6.232389
0.020000,1.152274,26.000276,0.604894,1.947151,3.188079,-0.117213,6.228891
0.020000,1.192429,25.998021,0.645112,2.010898,3.187375,-0.035194,6.225280
0.020000,1.233848,25.995543,0.686604,2.074632,3.186715,-0.033025,6.221557
0.020000,1.276529,25.992827,0.729371,2.138359,3.186333,-0.019068,6.217723
0.020000,1.319832,25.989904,0.772774,2.170117,1.587905,-79.921439,6.213834
0.020000,1.363122,25.986812,0.816173,2.169978,-0.006966,-79.743541,6.209949
0.020000,1.406395,25.983553,0.859569,2.169807,-0.008533,-0.078312,6.206068
0.020000,1.449652,25.980126,0.902962,2.169627,-0.009001,-0.023429,6.202190
0.020000,1.492892,25.976532,0.946351,2.169446,-0.009043,-0.002111,6.198317
0.020000,1.536113,25.972770,0.989735,2.169229,-0.010871,-0.091375,6.194449
0.020000,1.579316,25.968843,1.033116,2.169035,-0.009709,0.058081,6.190586
0.020000,1.622498,25.964748,1.076492,2.168785,-0.012472,-0.138115,6.186727
0.020000,1.665659,25.960488,1.119863,2.168570,-0.010748,0.086183,6.182875
0.020000,1.708799,25.956062,1.163229,2.168299,-0.013585,-0.141854,6.179028
0.020000,1.751916,25.951471,1.206590,2.168051,-0.012369,0.060801,6.175186
0.020000,1.795010,25.946715,1.249946,2.167762,-0.014453,-0.104217,6.171352
0.020000,1.838079,25.941795,1.293295,2.167485,-0.013869,0.029188,6.167524
0.020000,1.881124,25.936711,1.336639,2.167176,-0.015418,-0.077417,6.163702
0.020000,1.924142,25.931463,1.379976,2.166871,-0.015261,0.007832,6.159888
0.020000,1.967134,25.926052,1.423307,2.166542,-0.016463,-0.060106,6.156081
0.020000,2.010098,25.920479,1.466631,2.166211,-0.016555,-0.004582,6.152282
0.020000,2.053034,25.914743,1.509948,2.165859,-0.017575,-0.051013,6.148491
0.020000,2.095941,25.908846,1.553259,2.165504,-0.017761,-0.009287,6.144708
0.020000,2.138817,25.902788,1.596561,2.165129,-0.018740,-0.048949,6.140934
0.020000,2.181663,25.896569,1.639856,2.164751,-0.018889,-0.007439,6.137168
0.020000,2.224478,25.890190,1.683143,2.164353,-0.019945,-0.052800,6.133411
0.020000,2.267260,25.883652,1.726422,2.163954,-0.019947,-0.000120,6.129664
0.020000,2.310010,25.876955,1.769693,2.163530,-0.021178,-0.061530,6.125926
0.020000,2.352725,25.870100,1.812955,2.163111,-0.020944,0.011666,6.122198
0.020000,2.395406,25.863088,1.856208,2.162663,-0.022428,-0.074175,6.118479
0.020000,2.438052,25.855918,1.899453,2.162225,-0.021888,0.026988,6.114772
0.020000,2.480662,25.848592,1.942688,2.161751,-0.023685,-0.089845,6.111074
0.020000,2.523236,25.841111,1.985914,2.161295,-0.022785,0.044986,6.107388
0.020000,2.565772,25.833474,2.029130,2.160800,-0.024783,-0.099900,6.103712
0.020000,2.608270,25.825684,2.072336,2.160321,-0.023955,0.041404,6.100048
0.020000,2.650729,25.817739,2.115532,2.159808,-0.025622,-0.083316,6.096395
0.020000,2.693149,25.809642,2.158718,2.159303,-0.025276,0.017281,6.092754
0.020000,2.735529,25.801393,2.201894,2.158776,-0.026346,-0.053508,6.089124
0.020000,2.777869,25.792992,2.245059,2.158244,-0.026572,-0.011304,6.085507
0.020000,2.820167,25.784440,2.288213,2.157703,-0.027046,-0.023684,6.081903
0.020000,2.862424,25.775739,2.331356,2.157147,-0.027837,-0.039568,6.078311
0.020000,2.904638,25.766889,2.374488,2.156592,-0.027725,0.005595,6.074731
0.020000,2.946808,25.757890,2.417608,2.156011,-0.029043,-0.065879,6.071165
0.020000,2.988936,25.748743,2.460717,2.155443,-0.028433,0.030501,6.067612
0.020000,3.031019,25.739450,2.503814,2.154844,-0.029912,-0.073954,6.064073
0.020000,3.073057,25.730011,2.546899,2.154251,-0.029672,0.012015,6.060547
0.020000,3.115050,25.720426,2.589971,2.153641,-0.030483,-0.040551,6.057035
0.020000,3.156997,25.710697,2.633032,2.153024,-0.030859,-0.018829,6.053538
0.020000,3.198898,25.700825,2.676080,2.152403,-0.031047,-0.009386,6.050054
0.020000,3.240752,25.690810,2.719115,2.151763,-0.031992,-0.047249,6.046585
0.020000,3.282558,25.680654,2.762138,2.151131,-0.031607,0.019229,6.043131
0.020000,3.324317,25.670356,2.805147,2.150475,-0.032806,-0.059925,6.039691
0.020000,3.366027,25.659918,2.848144,2.149821,-0.032688,0.005920,6.036267
0.020000,3.407688,25.649341,2.891127,2.149155,-0.033313,-0.031283,6.032858
0.020000,3.449301,25.638626,2.934097,2.148480,-0.033738,-0.021249,6.029464
0.020000,3.490863,25.627774,2.977053,2.147804,-0.033806,-0.003384,6.026085
0.020000,3.532375,25.616785,3.019995,2.147111,-0.034639,-0.041683,6.022723
0.020000,3.573837,25.605660,3.062923,2.146422,-0.034470,0.008469,6.019376
0.020000,3.615248,25.594400,3.105838,2.145717,-0.035251,-0.039034,6.016045
0.020000,3.656608,25.583007,3.148738,2.145009,-0.035418,-0.008356,6.012731
0.020000,3.697916,25.571481,3.191624,2.144295,-0.035693,-0.013735,6.009432
0.020000,3.739172,25.559823,3.234495,2.143569,-0.036293,-0.030011,6.006151
0.020000,3.780376,25.548035,3.277352,2.142846,-0.036148,0.007221,6.002886
0.020000,3.821526,25.536116,3.320194,2.142108,-0.036910,-0.038101,5.999638
0.020000,3.862624,25.524068,3.363022,2.141368,-0.036980,-0.003486,5.996406
0.020000,3.903669,25.511891,3.405834,2.140622,-0.037314,-0.016672,5.993192
0.020000,3.944659,25.499588,3.448631,2.139867,-0.037741,-0.021359,5.989995
0.020000,3.985596,25.487159,3.491414,2.139113,-0.037726,0.000740,5.986815
0.020000,4.026479,25.474604,3.534180,2.138346,-0.038309,-0.029166,5.983653
0.020000,4.067307,25.461925,3.576932,2.137579,-0.038391,-0.004072,5.980508
0.020000,4.108080,25.449122,3.619668,2.136805,-0.038704,-0.015674,5.977381
0.020000,4.148799,25.436197,3.662389,2.136024,-0.039029,-0.016243,5.974272
0.020000,4.189462,25.423151,3.705093,2.135242,-0.039087,-0.002896,5.971181
0.020000,4.230070,25.409985,3.747783,2.134452,-0.039523,-0.021795,5.968108
0.020000,4.270622,25.396699,3.790456,2.133659,-0.039630,-0.005357,5.965053
0.020000,4.311118,25.383294,3.833113,2.132861,-0.039891,-0.013071,5.962016
0.020000,4.351559,25.369772,3.875754,2.132058,-0.040146,-0.012744,5.958997
0.020000,4.391943,25.356134,3.918379,2.131253,-0.040249,-0.005128,5.955997
0.020000,4.432271,25.342380,3.960988,2.130442,-0.040559,-0.015505,5.953016
0.020000,4.472543,25.328512,4.003581,2.129628,-0.040690,-0.006555,5.950053
0.020000,4.512758,25.314530,4.046157,2.128810,-0.040895,-0.010265,5.947108
0.020000,4.552916,25.300435,4.088717,2.127989,-0.041088,-0.009650,5.944183
0.020000,4.593017,25.286229,4.131260,2.127164,-0.041230,-0.007058,5.941276
0.020000,4.633062,25.271913,4.173787,2.126336,-0.041424,-0.009736,5.938389
0.020000,4.673049,25.257487,4.216297,2.125504,-0.041572,-0.007398,5.935520
0.020000,4.712979,25.242952,4.258790,2.124670,-0.041731,-0.007935,5.932670
0.020000,4.752853,25.228310,4.301267,2.123832,-0.041860,-0.006435,5.929840
0.020000,4.792669,25.213561,4.343726,2.122992,-0.042042,-0.009137,5.927029
0.020000,4.832427,25.198707,4.386169,2.122149,-0.042127,-0.004255,5.924237
0.020000,4.872129,25.183748,4.428596,2.121303,-0.042285,-0.007876,5.921464
0.020000,4.911773,25.168685,4.471005,2.120455,-0.042409,-0.006208,5.918711
0.020000,4.951359,25.153520,4.513397,2.119606,-0.042471,-0.003073,5.915977
0.020000,4.990889,25.138253,4.555772,2.118752,-0.042697,-0.011334,5.913262
0.020000,5.030361,25.122886,4.598130,2.117898,-0.042679,0.000928,5.910568
0.020000,5.069775,25.107418,4.640471,2.117041,-0.042842,-0.008158,5.907892
0.020000,5.109133,25.091853,4.682794,2.116183,-0.042938,-0.004829,5.905237
0.020000,5.148433,25.076189,4.725101,2.115324,-0.042936,0.000109,5.902601
0.020000,5.187675,25.060429,4.767390,2.114460,-0.043202,-0.013294,5.899985
0.020000,5.226861,25.044573,4.809662,2.113598,-0.043089,0.005641,5.897388
0.020000,5.265989,25.028622,4.851917,2.112733,-0.043260,-0.008527,5.894811
0.020000,5.305060,25.012577,4.894154,2.111866,-0.043326,-0.003293,5.892254
0.020000,5.344075,24.996440,4.936374,2.111001,-0.043274,0.002569,5.889717
0.020000,5.383032,24.980210,4.978576,2.110130,-0.043564,-0.014461,5.887200
0.020000,5.421932,24.963890,5.020762,2.109262,-0.043371,0.009610,5.884702
0.020000,5.460776,24.947480,5.062930,2.108391,-0.043558,-0.009318,5.882225
0.020000,5.499563,24.930981,5.105080,2.107519,-0.043577,-0.000965,5.879767
0.020000,5.538294,24.914394,5.147213,2.106649,-0.043504,0.003663,5.877330
0.020000,5.576968,24.897719,5.189328,2.105774,-0.043788,-0.014193,5.874912
0.020000,5.615585,24.880959,5.231426,2.104903,-0.043537,0.012518,5.872514
0.020000,5.654147,24.864114,5.273507,2.104028,-0.043755,-0.010877,5.870136
0.020000,5.692653,24.847184,5.315570,2.103154,-0.043698,0.002822,5.867778
0.020000,5.731103,24.830171,5.357616,2.102281,-0.043644,0.002732,5.865441
0.020000,5.769497,24.813075,5.399644,2.101403,-0.043881,-0.011844,5.863123
0.020000,5.807835,24.795899,5.441654,2.100531,-0.043600,0.014047,5.860825
0.020000,5.846119,24.778641,5.483647,2.099654,-0.043870,-0.013520,5.858547
0.020000,5.884347,24.761305,5.525623,2.098780,-0.043696,0.008695,5.856289
0.020000,5.922520,24.743889,5.567581,2.097906,-0.043713,-0.000821,5.854051
0.020000,5.960638,24.726396,5.609522,2.097029,-0.043849,-0.006839,5.851834
0.020000,5.998702,24.708826,5.651445,2.096157,-0.043571,0.013915,5.849636
0.020000,6.036711,24.691180,5.693350,2.095279,-0.043921,-0.017508,5.847458
0.020000,6.074666,24.673460,5.735239,2.094407,-0.043578,0.017178,5.845300
0.020000,6.112567,24.655665,5.777109,2.093533,-0.043727,-0.007480,5.843162
0.020000,6.150415,24.637797,5.818962,2.092659,-0.043702,0.001275,5.841044
0.020000,6.188209,24.619857,5.860798,2.091788,-0.043516,0.009276,5.838946
0.020000,6.225949,24.601845,5.902616,2.090912,-0.043819,-0.015152,5.836868
0.020000,6.263637,24.583763,5.944417,2.090044,-0.043404,0.020775,5.834810
0.020000,6.301271,24.565611,5.986201,2.089170,-0.043703,-0.014947,5.832772
0.020000,6.338854,24.547391,6.027967,2.088301,-0.043447,0.012797,5.830754
0.020000,6.376384,24.529103,6.069715,2.087432,-0.043469,-0.001087,5.828755
0.020000,6.413861,24.510748,6.111447,2.086561,-0.043535,-0.003320,5.826777
0.020000,6.451287,24.492327,6.153161,2.085696,-0.043224,0.015560,5.824818
0.020000,6.488662,24.473840,6.194857,2.084824,-0.043615,-0.019568,5.822879
0.020000,6.525985,24.455290,6.236536,2.083962,-0.043113,0.025110,5.820960
0.020000,6.563257,24.436675,6.278198,2.083094,-0.043401,-0.014427,5.819060
0.020000,6.600479,24.417998,6.319843,2.082231,-0.043155,0.012322,5.817181
0.020000,6.637650,24.399260,6.361470,2.081368,-0.043144,0.000530,5.815321
0.020000,6.674771,24.380460,6.403080,2.080504,-0.043207,-0.003132,5.813481
0.020000,6.711843,24.361601,6.444673,2.079646,-0.042882,0.016246,5.811661
0.020000,6.748864,24.342682,6.486249,2.078781,-0.043250,-0.018413,5.809860
0.020000,6.785837,24.323704,6.527807,2.077926,-0.042728,0.026097,5.808079
0.020000,6.822761,24.304669,6.569349,2.077065,-0.043060,-0.016584,5.806317
0.020000,6.859636,24.285578,6.610873,2.076211,-0.042718,0.017100,5.804575
0.020000,6.896462,24.266430,6.652380,2.075355,-0.042794,-0.003794,5.802853
0.020000,6.933241,24.247227,6.693870,2.074500,-0.042736,0.002899,5.801150
0.020000,6.969972,24.227970,6.735343,2.073650,-0.042527,0.010457,5.799466
0.020000,7.006656,24.208659,6.776799,2.072795,-0.042745,-0.010915,5.797803
0.020000,7.043292,24.189296,6.818238,2.071949,-0.042278,0.023370,5.796158
0.020000,7.079882,24.169880,6.859660,2.071095,-0.042710,-0.021608,5.794533
0.020000,7.116426,24.150414,6.901065,2.070252,-0.042158,0.027586,5.792927
0.020000,7.152923,24.130897,6.942453,2.069403,-0.042445,-0.014339,5.791341
0.020000,7.189375,24.111331,6.983824,2.068560,-0.042146,0.014954,5.789774
0.020000,7.225782,24.091716,7.025178,2.067716,-0.042182,-0.001818,5.788226
0.020000,7.262143,24.072053,7.066516,2.066874,-0.042125,0.002843,5.786697
0.020000,7.298460,24.052343,7.107836,2.066036,-0.041923,0.010135,5.785188
0.020000,7.334732,24.032586,7.149140,2.065194,-0.042097,-0.008700,5.783698
0.020000,7.370961,24.012784,7.190428,2.064360,-0.041667,0.021475,5.782227
0.020000,7.407146,23.992937,7.231698,2.063519,-0.042060,-0.019634,5.780775
0.020000,7.443287,23.973045,7.272952,2.062689,-0.041493,0.028340,5.779342
0.020000,7.479386,23.953111,7.314189,2.061852,-0.041862,-0.018446,5.777928
0.020000,7.515442,23.933134,7.355409,2.061023,-0.041422,0.022012,5.776533
0.020000,7.551455,23.913115,7.396613,2.060191,-0.041615,-0.009655,5.775158
0.020000,7.587427,23.893054,7.437800,2.059364,-0.041371,0.012211,5.773801
0.020000,7.623358,23.872954,7.478971,2.058536,-0.041374,-0.000144,5.772463
0.020000,7.659247,23.852814,7.520125,2.057710,-0.041313,0.003041,5.771144
0.020000,7.695096,23.832634,7.561263,2.056887,-0.041139,0.008709,5.769843
0.020000,7.730904,23.812417,7.602384,2.056062,-0.041248,-0.005483,5.768562
0.020000,7.766672,23.792162,7.643489,2.055244,-0.040910,0.016891,5.767299
0.020000,7.802400,23.771871,7.684578,2.054421,-0.041177,-0.013350,5.766055
0.020000,7.838089,23.751543,7.725650,2.053607,-0.040690,0.024396,5.764830
0.020000,7.873739,23.731181,7.766705,2.052785,-0.041101,-0.020555,5.763623
0.020000,7.909351,23.710783,7.807745,2.051974,-0.040538,0.028138,5.762436
0.020000,7.944924,23.690352,7.848768,2.051156,-0.040895,-0.017848,5.761266
0.020000,7.980460,23.669888,7.889775,2.050347,-0.040456,0.021959,5.760115
0.020000,8.015958,23.649391,7.930766,2.049533,-0.040684,-0.011418,5.758983
0.020000,8.051419,23.628863,7.971740,2.048726,-0.040375,0.015443,5.757870
0.020000,8.086844,23.608303,8.012698,2.047916,-0.040481,-0.005285,5.756774
0.020000,8.122232,23.587714,8.053641,2.047110,-0.040291,0.009517,5.755697
0.020000,8.157584,23.567094,8.094567,2.046305,-0.040286,0.000247,5.754639
0.020000,8.192901,23.546446,8.135477,2.045501,-0.040202,0.004171,5.753599
0.020000,8.228182,23.525769,8.176371,2.044699,-0.040098,0.005193,5.752577
0.020000,8.263429,23.505064,8.217249,2.043896,-0.040110,-0.000607,5.751574
0.020000,8.298642,23.484333,8.258111,2.043098,-0.039919,0.009566,5.750589
0.020000,8.333820,23.463576,8.298957,2.042298,-0.040016,-0.004835,5.749622
0.020000,8.368965,23.442793,8.339787,2.041503,-0.039748,0.013384,5.748673
0.020000,8.404076,23.421985,8.380601,2.040704,-0.039919,-0.008531,5.747743
0.020000,8.439155,23.401153,8.421399,2.039913,-0.039585,0.016670,5.746831
0.020000,8.474201,23.380297,8.462181,2.039116,-0.039820,-0.011715,5.745937
0.020000,8.509215,23.359418,8.502948,2.038328,-0.039431,0.019444,5.745061
0.020000,8.544198,23.338517,8.543698,2.037533,-0.039719,-0.014410,5.744203
0.020000,8.579149,23.317595,8.584433,2.036748,-0.039284,0.021731,5.743363
0.020000,8.614069,23.296651,8.625153,2.035955,-0.039617,-0.016642,5.742541
0.020000,8.648959,23.275688,8.665856,2.035172,-0.039166,0.022554,5.741737
0.020000,8.683819,23.254705,8.706544,2.034382,-0.039475,-0.015426,5.740951
0.020000,8.718648,23.233702,8.747216,2.033601,-0.039075,0.019977,5.740183
0.020000,8.753449,23.212682,8.787872,2.032814,-0.039334,-0.012927,5.739433
0.020000,8.788220,23.191643,8.828513,2.032035,-0.038988,0.017306,5.738701
0.020000,8.822963,23.170588,8.869138,2.031251,-0.039200,-0.010631,5.737987
0.020000,8.857678,23.149516,8.909747,2.030473,-0.038901,0.014968,5.737290
0.020000,8.892365,23.128429,8.950341,2.029691,-0.039074,-0.008662,5.736611
0.020000,8.927024,23.107326,8.990919,2.028915,-0.038815,0.012934,5.735951
0.020000,8.961657,23.086209,9.031482,2.028136,-0.038955,-0.006992,5.735307
0.020000,8.996262,23.065078,9.072029,2.027361,-0.038732,0.011179,5.734682
0.020000,9.030842,23.043934,9.112561,2.026584,-0.038844,-0.005594,5.734074
0.020000,9.065395,23.022777,9.153077,2.025811,-0.038650,0.009676,5.733484
0.020000,9.099924,23.001608,9.193578,2.025036,-0.038739,-0.004441,5.732912
0.020000,9.134427,22.980428,9.234063,2.024265,-0.038571,0.008397,5.732358
0.020000,9.168905,22.959237,9.274533,2.023492,-0.038641,-0.003505,5.731821
0.020000,9.200806,22.939576,9.312006,1.873670,-7.491084,-372.622150,5.728047
0.020000,9.242366,22.913501,9.361069,2.453145,28.973746,1823.241480,5.717689
0.020000,9.283544,22.887072,9.409998,2.446445,-0.335041,-1465.439336,5.707485
0.020000,9.324336,22.860304,9.458789,2.439535,-0.345474,-0.521646,5.697438
0.020000,9.364741,22.833209,9.507437,2.432426,-0.355475,-0.500045,5.687554
0.020000,9.404758,22.805803,9.555940,2.425131,-0.364746,-0.463535,5.677836
0.020000,9.444387,22.778097,9.604293,2.417666,-0.373216,-0.423526,5.668289
0.020000,9.483628,22.750107,9.652494,2.410046,-0.381000,-0.389201,5.658917
0.020000,9.522482,22.721844,9.700540,2.402284,-0.388110,-0.355483,5.649721
0.020000,9.560950,22.693323,9.748428,2.394393,-0.394560,-0.322529,5.640706
0.020000,9.599034,22.664557,9.796155,2.386385,-0.400370,-0.290477,5.631875
0.020000,9.636737,22.635558,9.843721,2.378274,-0.405559,-0.259451,5.623228
0.020000,9.674062,22.606338,9.891122,2.370071,-0.410150,-0.229555,5.614769
0.020000,9.711011,22.576910,9.938358,2.361788,-0.414180,-0.201503,5.606500
0.020000,9.747588,22.547287,9.985427,2.353434,-0.417669,-0.174442,5.598421
0.020000,9.783798,22.517479,10.032327,2.345022,-0.420613,-0.147191,5.590535
0.020000,9.819645,22.487499,10.079058,2.336561,-0.423066,-0.122670,5.582842
0.020000,9.855133,22.457358,10.125620,2.328060,-0.425055,-0.099456,5.575343
0.020000,9.890269,22.427066,10.172010,2.319527,-0.426609,-0.077678,5.568039
0.020000,9.925056,22.396634,10.218230,2.310972,-0.427756,-0.057343,5.560931
0.020000,9.959501,22.366073,10.264278,2.302402,-0.428525,-0.038449,5.554019
0.020000,9.993609,22.335393,10.310154,2.293823,-0.428944,-0.020982,5.547303
0.020000,10.027386,22.304603,10.355859,2.285242,-0.429043,-0.004924,5.540783
0.020000,10.060840,22.273713,10.401392,2.276663,-0.428940,0.005137,5.534459
0.020000,10.093974,22.242733,10.446754,2.268094,-0.428450,0.024515,5.528331
0.020000,10.126798,22.211671,10.491945,2.259540,-0.427698,0.037612,5.522399
0.020000,10.159316,22.180536,10.536965,2.251005,-0.426778,0.045970,5.516662
0.020000,10.191536,22.149337,10.581815,2.242491,-0.425668,0.055495,5.511119
0.020000,10.223464,22.118081,10.626495,2.234004,-0.424391,0.063844,5.505770
0.020000,10.255107,22.086777,10.671006,2.225544,-0.422970,0.071067,5.500615
0.020000,10.286472,22.055433,10.715348,2.217116,-0.421426,0.077215,5.495652
0.020000,10.317566,22.024056,10.759522,2.208717,-0.419956,0.073502,5.490881
0.020000,10.348396,21.992653,10.803530,2.200355,-0.418078,0.093863,5.486302
0.020000,10.378968,21.961231,10.847370,2.192030,-0.416254,0.091224,5.481913
0.020000,10.409291,21.929798,10.891045,2.183742,-0.414409,0.092236,5.477713
0.020000,10.439369,21.898360,10.934555,2.175491,-0.412534,0.093786,5.473701
0.020000,10.469212,21.866923,10.977900,2.167278,-0.410642,0.094569,5.469878
0.020000,10.498825,21.835494,11.021082,2.159101,-0.408855,0.089378,5.466241
0.020000,10.528215,21.804079,11.064102,2.150962,-0.406969,0.094280,5.462791
0.020000,10.557389,21.772685,11.106959,2.142862,-0.405000,0.098427,5.459525
0.020000,10.586354,21.741316,11.149655,2.134798,-0.403178,0.091131,5.456444
0.020000,10.615116,21.709980,11.192190,2.126770,-0.401402,0.088784,5.453547
0.020000,10.643683,21.678681,11.234566,2.118776,-0.399683,0.085942,5.450832
0.020000,10.672060,21.647425,11.276782,2.110813,-0.398195,0.074422,5.448299
0.020000,10.700255,21.616217,11.318840,2.102884,-0.396447,0.087402,5.445947
0.020000,10.728273,21.585063,11.360739,2.094985,-0.394932,0.075751,5.443776
0.020000,10.756121,21.553969,11.402482,2.087115,-0.393522,0.070497,5.441785
0.020000,10.783806,21.522938,11.444067,2.079270,-0.392207,0.065736,5.439973
0.020000,10.811333,21.491977,11.485496,2.071449,-0.391094,0.055680,5.438340
0.020000,10.838709,21.461089,11.526769,2.063651,-0.389886,0.060373,5.436885
0.020000,10.865940,21.430282,11.567887,2.055874,-0.388858,0.051397,5.435608
0.020000,10.893032,21.399558,11.608849,2.048114,-0.387973,0.044244,5.434508
0.020000,10.919990,21.368923,11.649656,2.040370,-0.387206,0.038364,5.433585
0.020000,10.946820,21.338381,11.690309,2.032638,-0.386611,0.029728,5.432839
0.020000,10.973529,21.307939,11.730807,2.024918,-0.386009,0.030139,5.432270
0.020000,11.000121,21.277599,11.771151,2.017206,-0.385604,0.020248,5.431877
0.020000,11.026603,21.247367,11.811341,2.009499,-0.385330,0.013697,5.431659
0.020000,11.052979,21.217248,11.851377,2.001795,-0.385182,0.007390,5.431618
0.020000,11.079255,21.187245,11.891259,1.994093,-0.385141,0.002039,5.431753
0.020000,11.105436,21.157365,11.930987,1.986388,-0.385240,-0.004929,5.432065
0.020000,11.131527,21.127611,11.970560,1.978678,-0.385475,-0.011751,5.432552
0.020000,11.157534,21.097987,12.009980,1.970962,-0.385836,-0.018051,5.433216
0.020000,11.183461,21.068500,12.049244,1.963236,-0.386288,-0.022623,5.434056
0.020000,11.209313,21.039153,12.088354,1.955498,-0.386866,-0.028912,5.435073
0.020000,11.235095,21.009950,12.127309,1.947746,-0.387632,-0.038276,5.436268
0.020000,11.260811,20.980897,12.166109,1.939976,-0.388480,-0.042396,5.437640
0.020000,11.286466,20.951998,12.204753,1.932187,-0.389442,-0.048117,5.439190
0.020000,11.312065,20.923258,12.243240,1.924379,-0.390439,-0.049837,5.440918
0.020000,11.337611,20.894681,12.281571,1.916546,-0.391619,-0.058984,5.442826
0.020000,11.363110,20.866272,12.319745,1.908687,-0.392956,-0.066845,5.444913
0.020000,11.388565,20.838036,12.357761,1.900800,-0.394334,-0.068929,5.447180
0.020000,11.413979,20.809978,12.395619,1.892884,-0.395803,-0.073422,5.449628
0.020000,11.439359,20.782101,12.433317,1.884939,-0.397280,-0.073877,5.452258
0.020000,11.464706,20.754412,12.470857,1.876961,-0.398874,-0.079714,5.455071
0.020000,11.490025,20.726914,12.508235,1.868948,-0.400666,-0.089598,5.458066
0.020000,11.515319,20.699612,12.545453,1.860899,-0.402423,-0.087833,5.461246
0.020000,11.540592,20.672512,12.582510,1.852815,-0.404229,-0.090306,5.464610
0.020000,11.565848,20.645617,12.619404,1.844693,-0.406074,-0.092264,5.468160
0.020000,11.591089,20.618933,12.656134,1.836538,-0.407795,-0.086024,5.471896
0.020000,11.616319,20.592465,12.692701,1.828341,-0.409804,-0.100473,5.475820
0.020000,11.641541,20.566217,12.729103,1.820107,-0.411731,-0.096315,5.479931
0.020000,11.666758,20.540194,12.765340,1.811835,-0.413615,-0.094217,5.484232
0.020000,11.691973,20.514401,12.801411,1.803525,-0.415474,-0.092944,5.488723
0.020000,11.717189,20.488843,12.837314,1.795179,-0.417292,-0.090885,5.493405
0.020000,11.742409,20.463524,12.873050,1.786800,-0.418984,-0.084617,5.498278
0.020000,11.767634,20.438449,12.908618,1.778387,-0.420648,-0.083210,5.503343
0.020000,11.792869,20.413624,12.944017,1.769940,-0.422335,-0.084348,5.508602
0.020000,11.818114,20.389052,12.979246,1.761464,-0.423812,-0.073866,5.514054
0.020000,11.843373,20.364739,13.014305,1.752961,-0.425154,-0.067101,5.519700
0.020000,11.868648,20.340689,13.049194,1.744434,-0.426339,-0.059240,5.525542
0.020000,11.893940,20.316906,13.083912,1.735887,-0.427344,-0.050233,5.531579
0.020000,11.919252,20.293395,13.118458,1.727324,-0.428144,-0.040029,5.537811
0.020000,11.944587,20.270161,13.152833,1.718751,-0.428660,-0.025798,5.544240
0.020000,11.969945,20.247209,13.187036,1.710171,-0.429005,-0.017208,5.550864
0.020000,11.995329,20.224541,13.221068,1.701589,-0.429086,-0.004075,5.557685
0.020000,12.020740,20.202163,13.254928,1.693013,-0.428815,0.013577,5.564702
0.020000,12.046181,20.180078,13.288617,1.684449,-0.428206,0.030402,5.571914
0.020000,12.071652,20.158292,13.322136,1.675904,-0.427234,0.048647,5.579322
0.020000,12.097156,20.136806,13.355483,1.667387,-0.425867,0.068328,5.586925
0.020000,12.122694,20.115626,13.388661,1.658905,-0.424078,0.089456,5.594721
0.020000,12.148268,20.094755,13.421671,1.650468,-0.421837,0.112031,5.602710
0.020000,12.173879,20.074197,13.454512,1.642086,-0.419116,0.136041,5.610891
0.020000,12.199529,20.053954,13.487188,1.633768,-0.415888,0.161406,5.619262
0.020000,12.225218,20.034030,13.519698,1.625525,-0.412141,0.187366,5.627821
0.020000,12.250950,20.014427,13.552046,1.617369,-0.407819,0.216100,5.636567
0.020000,12.276724,19.995150,13.584232,1.609311,-0.402905,0.245696,5.645497
0.020000,12.302544,19.976200,13.616259,1.601363,-0.397379,0.276284,5.654608
0.020000,12.328409,19.957579,13.648130,1.593539,-0.391220,0.307973,5.663899
0.020000,12.354323,19.939291,13.679847,1.585851,-0.384407,0.340658,5.673365
0.020000,12.380286,19.921337,13.711413,1.578312,-0.376923,0.374213,5.683003
0.020000,12.406300,19.903719,13.742832,1.570937,-0.368752,0.408502,5.692810
0.020000,12.432367,19.886438,13.774107,1.563739,-0.359885,0.443369,5.702782
0.020000,12.458489,19.869497,13.805241,1.556731,-0.350431,0.472713,5.712914
0.020000,12.484668,19.852896,13.836240,1.549928,-0.340155,0.513810,5.723201
0.020000,12.510905,19.836636,13.867107,1.543346,-0.329104,0.552509,5.733638
0.020000,12.537203,19.820720,13.897847,1.536997,-0.317414,0.584540,5.744221
0.020000,12.563564,19.805146,13.928465,1.530897,-0.305025,0.619437,5.754943
0.020000,12.589991,19.789915,13.958966,1.525058,-0.291951,0.653709,5.765799
0.020000,12.616485,19.775029,13.989356,1.519494,-0.278208,0.687130,5.776782
0.020000,12.643049,19.760487,14.019640,1.514208,-0.264295,0.695646,5.787885
0.020000,12.669686,19.746289,14.049824,1.509227,-0.249044,0.762562,5.799103
0.020000,12.696399,19.732436,14.079916,1.504560,-0.233366,0.783919,5.810427
0.020000,12.723190,19.718926,14.109920,1.500215,-0.217231,0.806722,5.821850
0.020000,12.750061,19.705760,14.139844,1.496200,-0.200729,0.825123,5.833366
0.020000,12.777017,19.692937,14.169694,1.492511,-0.184487,0.812069,5.844965
0.020000,12.804060,19.680456,14.199478,1.489187,-0.166160,0.916360,5.856640
0.020000,12.831192,19.668317,14.229202,1.486222,-0.148271,0.894476,5.868384
0.020000,12.858418,19.656519,14.258874,1.483601,-0.131077,0.859693,5.880187
0.020000,12.885740,19.645062,14.288501,1.481350,-0.112538,0.926925,5.892041
0.020000,12.913162,19.633944,14.318091,1.479485,-0.093254,0.964205,5.903939
0.020000,12.940685,19.623164,14.347650,1.477961,-0.076185,0.853466,5.915871
0.020000,12.968314,19.612722,14.377187,1.476829,-0.056609,0.978818,5.927829
0.020000,12.996052,19.602617,14.406708,1.476070,-0.037923,0.934279,5.939804
0.020000,13.023902,19.592847,14.436221,1.475655,-0.020753,0.858506,5.951789
0.020000,13.051866,19.583412,14.465734,1.475645,-0.000493,1.012988,5.963774
0.020000,13.079947,19.574311,14.495253,1.475947,0.015075,0.778412,5.975752
0.020000,13.108148,19.565543,14.524786,1.476655,0.035383,1.015405,5.987714
0.020000,13.136472,19.557106,14.554340,1.477668,0.050694,0.765530,5.999653
0.020000,13.164920,19.549000,14.583921,1.479048,0.068990,0.914831,6.011560
0.020000,13.193496,19.541224,14.613536,1.480769,0.086012,0.851097,6.023428
0.020000,13.222201,19.533777,14.643191,1.482761,0.099635,0.681151,6.035250
0.020000,13.251038,19.526658,14.672894,1.485117,0.117800,0.908214,6.047019
0.020000,13.280008,19.519865,14.702649,1.487768,0.132561,0.738088,6.058727
0.020000,13.309111,19.513399,14.732462,1.490665,0.144804,0.612147,6.070369
0.020000,13.338350,19.507258,14.762339,1.493861,0.159800,0.749788,6.081937
0.020000,13.367727,19.501441,14.792286,1.497325,0.173246,0.672281,6.093426
0.020000,13.397240,19.495946,14.822307,1.501034,0.185420,0.608698,6.104831
0.020000,13.426892,19.490775,14.852406,1.504972,0.196906,0.574311,6.116146
0.020000,13.460918,19.485024,14.886915,1.725438,11.023322,541.320779,6.114851
0.020000,13.502186,19.477965,14.928782,2.093349,18.395507,368.609280,6.112718
0.020000,13.543318,19.470842,14.970526,2.087218,-0.306511,-935.100914,6.110724
0.020000,13.584317,19.463661,15.012149,2.081153,-0.303271,0.161996,6.108869
0.020000,13.625185,19.456427,15.053652,2.075148,-0.300258,0.150656,6.107151
0.020000,13.665923,19.449147,15.095036,2.069198,-0.297470,0.139430,6.105570
0.020000,13.706535,19.441826,15.136302,2.063300,-0.294903,0.128313,6.104123
0.020000,13.747021,19.434470,15.177451,2.057449,-0.292557,0.117302,6.102810
0.020000,13.787383,19.427085,15.218484,2.051641,-0.290429,0.106388,6.101629
0.020000,13.827624,19.419675,15.259401,2.045870,-0.288518,0.095567,6.100581
0.020000,13.867745,19.412247,15.300204,2.040134,-0.286821,0.084832,6.099664
0.020000,13.907747,19.404805,15.340893,2.034427,-0.285338,0.074174,6.098877
0.020000,13.947633,19.397356,15.381468,2.028746,-0.284066,0.063586,6.098220
0.020000,13.987402,19.389903,15.421929,2.023086,-0.283005,0.053059,6.097692
0.020000,14.027057,19.382453,15.462278,2.017443,-0.282153,0.042585,6.097293
0.020000,14.066599,19.375011,15.502514,2.011812,-0.281510,0.032154,6.097023
0.020000,14.106029,19.367581,15.542638,2.006191,-0.281075,0.021756,6.096882
0.020000,14.145348,19.360170,15.582650,2.000574,-0.280848,0.011382,6.096869
0.020000,14.184557,19.352780,15.622549,1.994957,-0.280827,0.001023,6.096984
0.020000,14.223657,19.345419,15.662335,1.989337,-0.281014,-0.009333,6.097228
0.020000,14.262648,19.338091,15.702010,1.983709,-0.281408,-0.019696,6.097600
0.020000,14.301532,19.330800,15.741571,1.978069,-0.282009,-0.030076,6.098102
0.020000,14.340309,19.323552,15.781019,1.972412,-0.282819,-0.040483,6.098732
0.020000,14.378979,19.316352,15.820354,1.966736,-0.283837,-0.050929,6.099492
0.020000,14.417543,19.309205,15.859575,1.961034,-0.285066,-0.061424,6.100383
0.020000,14.456001,19.302115,15.898681,1.955304,-0.286505,-0.071978,6.101405
0.020000,14.494353,19.295088,15.937672,1.949541,-0.288157,-0.082601,6.102558
0.020000,14.532600,19.288128,15.976546,1.943741,-0.290024,-0.093305,6.103844
0.020000,14.570741,19.281241,16.015304,1.937898,-0.292106,-0.104099,6.105264
0.020000,14.608777,19.274432,16.053945,1.932010,-0.294405,-0.114992,6.106818
0.020000,14.646706,19.267705,16.092466,1.926072,-0.296925,-0.125995,6.108507
0.020000,14.684529,19.261065,16.130868,1.920078,-0.299668,-0.137115,6.110334
0.020000,14.722246,19.254518,16.169148,1.914026,-0.302635,-0.148362,6.112299
0.020000,14.759855,19.248068,16.207306,1.907909,-0.305830,-0.159742,6.114404
0.020000,14.797356,19.241720,16.245341,1.901724,-0.309255,-0.171263,6.116651
0.020000,14.834748,19.235480,16.283250,1.895466,-0.312914,-0.182931,6.119040
0.020000,14.872031,19.229353,16.321033,1.889130,-0.316809,-0.194749,6.121574
0.020000,14.909202,19.223344,16.358687,1.882711,-0.320943,-0.206722,6.124255
0.020000,14.946262,19.217457,16.396211,1.876204,-0.325320,-0.218851,6.127085
0.020000,14.983208,19.211698,16.433603,1.869606,-0.329943,-0.231138,6.130065
0.020000,15.020039,19.206073,16.470861,1.862909,-0.334814,-0.243579,6.133198
0.020000,15.056753,19.200585,16.507983,1.856110,-0.339938,-0.256163,6.136487
0.020000,15.093350,19.195242,16.544968,1.849214,-0.344829,-0.244562,6.139934
0.020000,15.129825,19.190047,16.581812,1.842196,-0.350872,-0.302173,6.143541
0.020000,15.166179,19.185007,16.618513,1.835061,-0.356764,-0.294560,6.147311
0.020000,15.202408,19.180126,16.655069,1.827803,-0.362917,-0.307679,6.151247
0.020000,15.238509,19.175409,16.691477,1.820416,-0.369335,-0.320888,6.155352
0.020000,15.274481,19.170863,16.727735,1.812896,-0.376018,-0.334165,6.159628
0.020000,15.310320,19.166493,16.763840,1.805237,-0.382938,-0.345977,6.164080
0.020000,15.346024,19.162303,16.799789,1.797453,-0.389178,-0.312003,6.168710
0.020000,15.381590,19.158300,16.835579,1.789502,-0.397556,-0.418912,6.173521
0.020000,15.417013,19.154489,16.871207,1.781396,-0.405300,-0.387198,6.178518
0.020000,15.452291,19.150875,16.906670,1.773130,-0.413306,-0.400293,6.183703
0.020000,15.487420,19.147463,16.941964,1.764713,-0.420856,-0.377498,6.189081
0.020000,15.522396,19.144259,16.977086,1.756128,-0.429261,-0.420251,6.194655
0.020000,15.557215,19.141270,17.012033,1.747353,-0.438731,-0.473504,6.200430
0.020000,15.591873,19.138498,17.046801,1.738399,-0.447732,-0.450067,6.206409
0.020000,15.626365,19.135952,17.081387,1.729295,-0.455193,-0.373056,6.212597
0.020000,15.660686,19.133635,17.115787,1.719971,-0.466200,-0.550332,6.218998
0.020000,15.694832,19.131553,17.149996,1.710452,-0.475935,-0.486735,6.225615
0.020000,15.728797,19.129711,17.184011,1.700780,-0.483619,-0.384237,6.232455
0.020000,15.762577,19.128115,17.217829,1.690868,-0.495609,-0.599485,6.239521
0.020000,15.796165,19.126769,17.251444,1.680771,-0.504832,-0.461137,6.246817
0.020000,15.829557,19.125679,17.284854,1.670481,-0.514481,-0.482481,6.254349
0.020000,15.862746,19.124850,17.318053,1.659960,-0.526070,-0.579439,6.262121
0.020000,15.895727,19.124287,17.351039,1.649277,-0.534136,-0.403306,6.270138
0.020000,15.928492,19.123994,17.383805,1.638338,-0.546940,-0.640177,6.278404
0.020000,15.961037,19.123976,17.416350,1.627247,-0.554544,-0.380195,0.003739
0.020000,15.993354,19.124238,17.448668,1.615900,-0.567352,-0.640417,0.012518
0.020000,16.025438,19.124784,17.480756,1.604408,-0.574619,-0.363339,0.021560
0.020000,16.057280,19.125618,17.512610,1.592670,-0.586918,-0.614949,0.030870
0.020000,16.088876,19.126744,17.544225,1.580778,-0.594598,-0.384007,0.040452
0.020000,16.120217,19.128166,17.575599,1.568679,-0.604938,-0.517024,0.050311
0.020000,16.151297,19.129888,17.606727,1.556406,-0.613639,-0.435038,0.060450
0.020000,16.182111,19.131914,17.637607,1.543986,-0.620995,-0.367775,0.070873
0.020000,16.212649,19.134245,17.668235,1.531385,-0.630057,-0.453098,0.081584
0.020000,16.242908,19.136886,17.698608,1.518658,-0.636370,-0.315656,0.092586
0.020000,16.272879,19.139838,17.728724,1.505811,-0.642337,-0.298353,0.103882
0.020000,16.302556,19.143106,17.758581,1.492840,-0.648542,-0.310248,0.115474
0.020000,16.331934,19.146689,17.788176,1.479784,-0.652797,-0.212749,0.127364
0.020000,16.361007,19.150591,17.817510,1.466685,-0.654982,-0.109250,0.139554
0.020000,16.389769,19.154814,17.846581,1.453525,-0.657968,-0.149332,0.152045
0.020000,16.418216,19.159358,17.875388,1.440355,-0.658527,-0.027950,0.164836
0.020000,16.446342,19.164225,17.903932,1.427204,-0.657548,0.048983,0.177928
0.020000,16.474144,19.169416,17.932214,1.414111,-0.654643,0.145263,0.191320
0.020000,16.501617,19.174932,17.960236,1.401103,-0.650399,0.212182,0.205009
0.020000,16.528760,19.180773,17.988000,1.388214,-0.644424,0.298723,0.218992
0.020000,16.555570,19.186940,18.015510,1.375492,-0.636138,0.414331,0.233266
0.020000,16.582045,19.193433,18.042770,1.362977,-0.625724,0.520712,0.247826
0.020000,16.608184,19.200253,18.069784,1.350716,-0.613078,0.632303,0.262667
0.020000,16.633988,19.207400,18.096559,1.338754,-0.598102,0.748770,0.277781
0.020000,16.659457,19.214873,18.123102,1.327141,-0.580639,0.873151,0.293160
0.020000,16.684592,19.222675,18.149420,1.315921,-0.561005,0.981702,0.308796
0.020000,16.709397,19.230804,18.175523,1.305147,-0.538692,1.115655,0.324678
0.020000,16.733874,19.239262,18.201421,1.294869,-0.513880,1.240581,0.340795
0.020000,16.758028,19.248050,18.227123,1.285137,-0.486586,1.364714,0.357134
0.020000,16.781864,19.257169,18.252643,1.276000,-0.456853,1.486640,0.373682
0.020000,16.805386,19.266619,18.277993,1.267505,-0.424756,1.604874,0.390425
0.020000,16.828602,19.276404,18.303187,1.259697,-0.390398,1.717890,0.407346
0.020000,16.851519,19.286525,18.328240,1.252615,-0.354098,1.814997,0.424428
0.020000,16.874145,19.296984,18.353166,1.246302,-0.315688,1.920523,0.441655
0.020000,16.896487,19.307785,18.377982,1.240793,-0.275425,2.013115,0.459008
0.020000,16.918554,19.318931,18.402704,1.236119,-0.233697,2.086418,0.476468
0.020000,16.940355,19.330427,18.427350,1.232306,-0.190670,2.151354,0.494015
0.020000,16.961899,19.342275,18.451938,1.229374,-0.146607,2.203134,0.511629
0.020000,16.983196,19.354481,18.476484,1.227319,-0.102737,2.193503,0.529289
0.020000,17.004253,19.367050,18.501008,1.226180,-0.056970,2.288355,0.546976
0.020000,17.025081,19.379988,18.525527,1.225951,-0.011443,2.276370,0.564668
0.020000,17.045689,19.393299,18.550059,1.226622,0.033549,2.249597,0.582345
0.020000,17.066083,19.406989,18.574622,1.228156,0.076715,2.158263,0.599987
0.020000,17.086273,19.421063,18.599234,1.230602,0.122287,2.278615,0.617573
0.020000,17.106267,19.435529,18.623912,1.233886,0.164208,2.096055,0.635084
0.020000,17.126070,19.450391,18.648672,1.237983,0.204882,2.033691,0.652500
0.020000,17.145690,19.465655,18.673530,1.242912,0.246424,2.077119,0.669805
0.020000,17.165132,19.481326,18.698501,1.248546,0.281684,1.763006,0.686980
0.020000,17.184401,19.497409,18.723600,1.254956,0.320516,1.941598,0.704010
0.020000,17.203501,19.513908,18.748840,1.261998,0.352090,1.578684,0.720878
0.020000,17.222437,19.530828,18.774234,1.269690,0.384599,1.625472,0.737570
0.020000,17.241211,19.548173,18.799793,1.277989,0.414961,1.518070,0.754074
0.020000,17.259825,19.565945,18.825529,1.286768,0.438943,1.199093,0.770375
0.020000,17.278281,19.584146,18.851450,1.296061,0.464683,1.287027,0.786465
0.020000,17.296580,19.602779,18.877566,1.305802,0.487039,1.117809,0.802332
0.020000,17.314723,19.621844,18.903884,1.315924,0.506077,0.951863,0.817967
0.020000,17.332710,19.641342,18.930412,1.326378,0.522721,0.832221,0.833364
0.020000,17.350540,19.661273,18.957154,1.337119,0.537059,0.716885,0.848516
0.020000,17.368213,19.681636,18.984116,1.348103,0.549196,0.606839,0.863416
0.020000,17.385727,19.702428,19.011302,1.359288,0.559254,0.502902,0.878060
0.020000,17.403081,19.723648,19.038715,1.370636,0.567368,0.405733,0.892445
0.020000,17.420274,19.745293,19.066357,1.382109,0.573685,0.315827,0.906568
0.020000,17.437303,19.767359,19.094231,1.393677,0.578355,0.233528,0.920427
0.020000,17.454167,19.789843,19.122336,1.405256,0.578981,0.031273,0.934021
0.020000,17.470863,19.812738,19.150672,1.416832,0.578815,-0.008289,0.947349
0.020000,17.487391,19.836042,19.179242,1.428481,0.582435,0.181008,0.960413
0.020000,17.503746,19.859747,19.208042,1.439988,0.575326,-0.355475,0.973212
0.020000,17.519928,19.883848,19.237072,1.451502,0.575708,0.019122,0.985750
0.020000,17.535935,19.908339,19.266329,1.462873,0.568570,-0.356915,0.998026
0.020000,17.551764,19.933214,19.295814,1.474215,0.567078,-0.074614,1.010045
0.020000,17.567414,19.958463,19.325519,1.485290,0.553743,-0.666703,1.021808
0.020000,17.582882,19.984083,19.355447,1.496363,0.553652,-0.004553,1.033320
0.020000,17.598169,20.010065,19.385592,1.507261,0.544900,-0.437631,1.044584
0.020000,17.613271,20.036399,19.415950,1.517885,0.531240,-0.682972,1.055602
0.020000,17.628188,20.063081,19.446518,1.528408,0.526131,-0.255455,1.066381
0.020000,17.642918,20.090102,19.477293,1.538754,0.517308,-0.441175,1.076923
0.020000,17.657462,20.117453,19.508271,1.548900,0.507302,-0.500283,1.087234
0.020000,17.671817,20.145129,19.539448,1.558844,0.497196,-0.505316,1.097317
0.020000,17.685984,20.173120,19.570819,1.568586,0.487068,-0.506389,1.107178
0.020000,17.699961,20.201419,19.602382,1.578125,0.476990,-0.503879,1.116821
0.020000,17.713749,20.230018,19.634131,1.587466,0.467027,-0.498153,1.126250
0.020000,17.727348,20.258910,19.666063,1.596611,0.457236,-0.489565,1.135472
0.020000,17.740756,20.288084,19.698172,1.605427,0.440827,-0.820441,1.144489
0.020000,17.753975,20.317537,19.730455,1.614144,0.435853,-0.248710,1.153308
0.020000,17.767005,20.347260,19.762909,1.622694,0.427500,-0.417670,1.161932
0.020000,17.779847,20.377245,19.795528,1.630965,0.413529,-0.698510,1.170368
0.020000,17.792500,20.407485,19.828308,1.638989,0.401203,-0.616297,1.178618
0.020000,17.804966,20.437975,19.861248,1.646998,0.400452,-0.037597,1.186689
0.020000,17.817244,20.468702,19.894338,1.654501,0.375167,-1.264213,1.194583
0.020000,17.829338,20.499668,19.927581,1.662167,0.383261,0.404677,1.202308
0.020000,17.841245,20.530858,19.960967,1.669270,0.355169,-1.404585,1.209865
0.020000,17.852969,20.562271,19.994497,1.676504,0.361686,0.325841,1.217260
0.020000,17.864511,20.593898,20.028164,1.683374,0.343503,-0.909147,1.224497
0.020000,17.875871,20.625734,20.061966,1.690071,0.334875,-0.431423,1.231580
0.020000,17.887051,20.657773,20.095900,1.696698,0.331338,-0.176849,1.238513
0.020000,17.898052,20.690010,20.129962,1.703103,0.320264,-0.553694,1.245301
0.020000,17.908875,20.722435,20.164145,1.709194,0.304529,-0.786757,1.251946
0.020000,17.919522,20.755046,20.198451,1.715276,0.304103,-0.021263,1.258453
0.020000,17.929996,20.787838,20.232875,1.721182,0.295310,-0.439676,1.264826
0.020000,17.938215,20.814223,20.260510,1.381766,-16.970821,-863.306545,1.275069
0.020000,17.946052,20.840620,20.288046,1.376804,-0.248103,836.135898,1.289313
0.020000,17.953532,20.867194,20.315652,1.380312,0.175429,21.176585,1.303477
0.020000,17.960658,20.893951,20.343343,1.384523,0.210530,1.755053,1.317545
0.020000,17.967433,20.920902,20.371131,1.389426,0.245164,1.731710,1.331501
0.020000,17.973857,20.948052,20.399031,1.395009,0.279166,1.700101,1.345329
0.020000,17.979935,20.975410,20.427057,1.401257,0.312378,1.660600,1.359014
0.020000,17.985668,21.002983,20.455220,1.408150,0.344652,1.613698,1.372542
0.020000,17.991059,21.030779,20.483533,1.415667,0.375851,1.559985,1.385898
0.020000,17.996109,21.058803,20.512009,1.423784,0.405854,1.500134,1.399068
0.020000,18.000821,21.087063,20.540658,1.432475,0.434552,1.434890,1.412040
0.020000,18.005197,21.115563,20.569492,1.441712,0.461853,1.365043,1.424800
0.020000,18.009239,21.144309,20.598522,1.451467,0.487749,1.294802,1.437338
0.020000,18.012950,21.173307,20.627756,1.461709,0.512107,1.217885,1.449642
0.020000,18.016332,21.202560,20.657204,1.472403,0.534676,1.128473,1.461701
0.020000,18.019387,21.232073,20.686874,1.483519,0.555797,1.056039,1.473506
0.020000,18.022119,21.261848,20.716775,1.495027,0.575412,0.980751,1.485048
0.020000,18.024530,21.291890,20.746913,1.506892,0.593261,0.892468,1.496319
0.020000,18.026623,21.322199,20.777294,1.519082,0.609504,0.812120,1.507311
0.020000,18.028402,21.352779,20.807926,1.531569,0.624332,0.741404,1.518018
0.020000,18.029869,21.383630,20.838812,1.544320,0.637564,0.661604,1.528433
0.020000,18.031030,21.414755,20.869958,1.557306,0.649286,0.586098,1.538552
0.020000,18.031888,21.446153,20.901368,1.570500,0.659726,0.521998,1.548369
0.020000,18.032446,21.477826,20.933046,1.583875,0.668741,0.450790,1.557880
0.020000,18.032711,21.509773,20.964994,1.597405,0.676515,0.388680,1.567082
0.020000,18.032686,21.541994,20.997215,1.611069,0.683153,0.331873,1.575972
0.020000,18.032378,21.574489,21.029712,1.624841,0.688628,0.273797,1.584547
0.020000,18.031791,21.607258,21.062486,1.638704,0.693122,0.224697,1.592805
0.020000,18.030931,21.640300,21.095539,1.652637,0.696662,0.176995,1.600744
0.020000,18.029805,21.673613,21.128871,1.666624,0.699369,0.135324,1.608364
0.020000,18.028419,21.707198,21.162484,1.680650,0.701280,0.095560,1.615664
0.020000,18.026780,21.741052,21.196378,1.694700,0.702511,0.061537,1.622642
0.020000,18.024894,21.775175,21.230554,1.708763,0.703155,0.032238,1.629299
0.020000,18.022769,21.809566,21.265010,1.722827,0.703196,0.002012,1.635634
0.020000,18.020413,21.844224,21.299748,1.736884,0.702847,-0.017436,1.641648
0.020000,18.017834,21.879147,21.334766,1.750926,0.702088,-0.037940,1.647341
0.020000,18.015039,21.914335,21.370065,1.764944,0.700918,-0.058521,1.652714
0.020000,18.012037,21.949787,21.405644,1.778936,0.699611,-0.065318,1.657767
0.020000,18.008837,21.985502,21.441502,1.792897,0.698031,-0.079029,1.662500
0.020000,18.005447,22.021479,21.477638,1.806822,0.696235,-0.089769,1.666916
0.020000,18.001877,22.057718,21.514052,1.820711,0.694464,-0.088572,1.671014
0.020000,17.998136,22.094218,21.550744,1.834562,0.692566,-0.094901,1.674795
0.020000,17.994233,22.130979,21.587711,1.848374,0.690598,-0.098406,1.678261
0.020000,17.990179,22.168000,21.624954,1.862150,0.688775,-0.091136,1.681412
0.020000,17.985984,22.205283,21.662472,1.875889,0.686947,-0.091387,1.684249
0.020000,17.981657,22.242826,21.700264,1.889592,0.685169,-0.088935,1.686772
0.020000,17.977209,22.280631,21.738329,1.903264,0.683597,-0.078612,1.688983
0.020000,17.972652,22.318697,21.776667,1.916907,0.682129,-0.073364,1.690883
0.020000,17.967995,22.357026,21.815278,1.930523,0.680803,-0.066336,1.692471
0.020000,17.963250,22.395617,21.854160,1.944117,0.679697,-0.055268,1.693748
0.020000,17.958428,22.434473,21.893314,1.957692,0.678786,-0.045553,1.694715
0.020000,17.953541,22.473594,21.932739,1.971254,0.678070,-0.035797,1.695372
0.020000,17.948601,22.512982,21.972435,1.984805,0.677583,-0.024362,1.695719
0.020000,17.943619,22.552637,22.012402,1.998352,0.677330,-0.012661,1.695757
0.020000,17.938609,22.592562,22.052640,2.011898,0.677295,-0.001742,1.695485
0.020000,17.933581,22.632758,22.093149,2.025448,0.677506,0.010559,1.694903
0.020000,17.928550,22.673226,22.133929,2.039006,0.677928,0.021075,1.694012
0.020000,17.923528,22.713969,22.174981,2.052578,0.678573,0.032288,1.692810
0.020000,17.918529,22.754989,22.216304,2.066167,0.679457,0.044189,1.691298
0.020000,17.913565,22.796288,22.257900,2.079777,0.680520,0.053147,1.689474
0.020000,17.908651,22.837866,22.299768,2.093413,0.681760,0.062023,1.687339
0.020000,17.903801,22.879728,22.341909,2.107077,0.683204,0.072190,1.684892
0.020000,17.899030,22.921874,22.384325,2.120773,0.684798,0.079665,1.682131
0.020000,17.894351,22.964307,22.427015,2.134502,0.686465,0.083368,1.679057
0.020000,17.889791,23.006921,22.469872,2.142874,0.418603,-13.393120,1.675677
0.020000,17.885429,23.049082,22.512258,2.119287,-1.179357,-79.897974,1.672049
0.020000,17.881325,23.090246,22.553626,2.068409,-2.543905,-68.227415,1.668240
0.020000,17.877481,23.130390,22.593954,2.016401,-2.600397,-2.824575,1.664275
0.020000,17.873895,23.169492,22.633220,1.963292,-2.655425,-2.751426,1.660179
0.020000,17.870566,23.207529,22.671402,1.909113,-2.708966,-2.677051,1.655977
0.020000,17.867490,23.244479,22.708480,1.853893,-2.760992,-2.601271,1.651693
0.020000,17.864662,23.280321,22.744433,1.797663,-2.811527,-2.526759,1.647349
0.020000,17.862075,23.315034,22.779243,1.740453,-2.860463,-2.446819,1.642969
0.020000,17.859722,23.348597,22.812888,1.682295,-2.907916,-2.372618,1.638573
0.020000,17.857594,23.380992,22.845353,1.623222,-2.953643,-2.286377,1.634184
0.020000,17.855681,23.412199,22.876618,1.563266,-2.997816,-2.208649,1.629820
0.020000,17.853973,23.442199,22.906667,1.502461,-3.040235,-2.120923,1.625501
0.020000,17.852459,23.470976,22.935484,1.440841,-3.081008,-2.038682,1.621246
0.020000,17.851126,23.498513,22.963053,1.378442,-3.119942,-1.946701,1.617073
0.020000,17.849962,23.524793,22.989359,1.315298,-3.157208,-1.863295,1.612999
0.020000,17.848955,23.549802,23.014388,1.251446,-3.192611,-1.770141,1.609039
0.020000,17.848093,23.573525,23.038126,1.186922,-3.226175,-1.678179,1.605210
0.020000,17.847362,23.595948,23.060562,1.121763,-3.257950,-1.588762,1.601526
0.020000,17.846751,23.617059,23.081682,1.056007,-3.287842,-1.494624,1.598000
0.020000,17.846245,23.636847,23.101476,0.989689,-3.315855,-1.400646,1.594646
0.020000,17.845834,23.655299,23.119933,0.922849,-3.342035,-1.308972,1.591474
0.020000,17.845506,23.672406,23.137043,0.855522,-3.366314,-1.213990,1.588498
0.020000,17.845249,23.688159,23.152798,0.787748,-3.388744,-1.121463,1.585725
0.020000,17.845052,23.702549,23.167189,0.719562,-3.409294,-1.027526,1.583167
0.020000,17.844906,23.715568,23.180209,0.651002,-3.427987,-0.934659,1.580831
0.020000,17.844802,23.727210,23.191851,0.582105,-3.444832,-0.842245,1.578726
0.020000,17.844730,23.737468,23.202110,0.512909,-3.459837,-0.750212,1.576857
0.020000,17.844684,23.746337,23.210978,0.443449,-3.472996,-0.657981,1.575232
0.020000,17.844656,23.753812,23.218454,0.373762,-3.484353,-0.567853,1.573855
0.020000,17.844640,23.759889,23.224531,0.303884,-3.493884,-0.476561,1.572731
0.020000,17.844633,23.764566,23.229208,0.233851,-3.501619,-0.386715,1.571863
0.020000,17.844631,23.767840,23.232482,0.163700,-3.507554,-0.296755,1.571253
0.020000,17.844630,23.769710,23.234352,0.093466,-3.511702,-0.207418,1.570905
0.020000,17.844630,23.770293,23.234935,0.029166,-3.215000,14.835119,1.570796
0.020000,17.844630,23.770293,23.234935,0.000000,-1.458319,87.834052,1.570796
